metric_name,timestamp,metric_value,check,error,error_code,expected_response,group,method,name,proto,scenario,service,status,subproto,tls_version,url,extra_tags
http_reqs,1715705344,1.000000,,,,true,,GET,http://test.k6.io,HTTP/1.1,default,,308,,,http://test.k6.io,
http_req_duration,1715705344,307.148000,,,,true,,GET,http://test.k6.io,HTTP/1.1,default,,308,,,http://test.k6.io,
http_req_blocked,1715705344,512.611000,,,,true,,GET,http://test.k6.io,HTTP/1.1,default,,308,,,http://test.k6.io,
http_req_connecting,1715705344,363.667000,,,,true,,GET,http://test.k6.io,HTTP/1.1,default,,308,,,http://test.k6.io,
http_req_tls_handshaking,1715705344,0.000000,,,,true,,GET,http://test.k6.io,HTTP/1.1,default,,308,,,http://test.k6.io,
http_req_sending,1715705344,0.180000,,,,true,,GET,http://test.k6.io,HTTP/1.1,default,,308,,,http://test.k6.io,
http_req_waiting,1715705344,306.779000,,,,true,,GET,http://test.k6.io,HTTP/1.1,default,,308,,,http://test.k6.io,
http_req_receiving,1715705344,0.189000,,,,true,,GET,http://test.k6.io,HTTP/1.1,default,,308,,,http://test.k6.io,
http_req_failed,1715705344,0.000000,,,,true,,GET,http://test.k6.io,HTTP/1.1,default,,308,,,http://test.k6.io,
http_reqs,1715705344,1.000000,,,,true,,GET,http://test.k6.io,HTTP/1.1,default,,308,,,http://test.k6.io,
http_req_duration,1715705344,307.068000,,,,true,,GET,http://test.k6.io,HTTP/1.1,default,,308,,,http://test.k6.io,
http_req_blocked,1715705344,512.676000,,,,true,,GET,http://test.k6.io,HTTP/1.1,default,,308,,,http://test.k6.io,
http_req_connecting,1715705344,363.726000,,,,true,,GET,http://test.k6.io,HTTP/1.1,default,,308,,,http://test.k6.io,
http_req_tls_handshaking,1715705344,0.000000,,,,true,,GET,http://test.k6.io,HTTP/1.1,default,,308,,,http://test.k6.io,
http_req_sending,1715705344,0.193000,,,,true,,GET,http://test.k6.io,HTTP/1.1,default,,308,,,http://test.k6.io,
http_req_waiting,1715705344,306.679000,,,,true,,GET,http://test.k6.io,HTTP/1.1,default,,308,,,http://test.k6.io,
http_req_receiving,1715705344,0.196000,,,,true,,GET,http://test.k6.io,HTTP/1.1,default,,308,,,http://test.k6.io,
http_req_failed,1715705344,0.000000,,,,true,,GET,http://test.k6.io,HTTP/1.1,default,,308,,,http://test.k6.io,
http_reqs,1715705344,1.000000,,,,true,,GET,http://test.k6.io,HTTP/1.1,default,,308,,,http://test.k6.io,
http_req_duration,1715705344,307.254000,,,,true,,GET,http://test.k6.io,HTTP/1.1,default,,308,,,http://test.k6.io,
http_req_blocked,1715705344,512.630000,,,,true,,GET,http://test.k6.io,HTTP/1.1,default,,308,,,http://test.k6.io,
http_req_connecting,1715705344,363.677000,,,,true,,GET,http://test.k6.io,HTTP/1.1,default,,308,,,http://test.k6.io,
http_req_tls_handshaking,1715705344,0.000000,,,,true,,GET,http://test.k6.io,HTTP/1.1,default,,308,,,http://test.k6.io,
http_req_sending,1715705344,0.170000,,,,true,,GET,http://test.k6.io,HTTP/1.1,default,,308,,,http://test.k6.io,
http_req_waiting,1715705344,307.022000,,,,true,,GET,http://test.k6.io,HTTP/1.1,default,,308,,,http://test.k6.io,
http_req_receiving,1715705344,0.062000,,,,true,,GET,http://test.k6.io,HTTP/1.1,default,,308,,,http://test.k6.io,
http_req_failed,1715705344,0.000000,,,,true,,GET,http://test.k6.io,HTTP/1.1,default,,308,,,http://test.k6.io,
http_reqs,1715705344,1.000000,,,,true,,GET,http://test.k6.io,HTTP/1.1,default,,308,,,http://test.k6.io,
http_req_duration,1715705344,307.363000,,,,true,,GET,http://test.k6.io,HTTP/1.1,default,,308,,,http://test.k6.io,
http_req_blocked,1715705344,512.601000,,,,true,,GET,http://test.k6.io,HTTP/1.1,default,,308,,,http://test.k6.io,
http_req_connecting,1715705344,363.659000,,,,true,,GET,http://test.k6.io,HTTP/1.1,default,,308,,,http://test.k6.io,
http_req_tls_handshaking,1715705344,0.000000,,,,true,,GET,http://test.k6.io,HTTP/1.1,default,,308,,,http://test.k6.io,
http_req_sending,1715705344,0.173000,,,,true,,GET,http://test.k6.io,HTTP/1.1,default,,308,,,http://test.k6.io,
http_req_waiting,1715705344,307.017000,,,,true,,GET,http://test.k6.io,HTTP/1.1,default,,308,,,http://test.k6.io,
http_req_receiving,1715705344,0.173000,,,,true,,GET,http://test.k6.io,HTTP/1.1,default,,308,,,http://test.k6.io,
http_req_failed,1715705344,0.000000,,,,true,,GET,http://test.k6.io,HTTP/1.1,default,,308,,,http://test.k6.io,
http_reqs,1715705344,1.000000,,,,true,,GET,http://test.k6.io,HTTP/1.1,default,,308,,,http://test.k6.io,
http_req_duration,1715705344,307.332000,,,,true,,GET,http://test.k6.io,HTTP/1.1,default,,308,,,http://test.k6.io,
http_req_blocked,1715705344,512.660000,,,,true,,GET,http://test.k6.io,HTTP/1.1,default,,308,,,http://test.k6.io,
http_req_connecting,1715705344,363.678000,,,,true,,GET,http://test.k6.io,HTTP/1.1,default,,308,,,http://test.k6.io,
http_req_tls_handshaking,1715705344,0.000000,,,,true,,GET,http://test.k6.io,HTTP/1.1,default,,308,,,http://test.k6.io,
http_req_sending,1715705344,0.259000,,,,true,,GET,http://test.k6.io,HTTP/1.1,default,,308,,,http://test.k6.io,
http_req_waiting,1715705344,306.937000,,,,true,,GET,http://test.k6.io,HTTP/1.1,default,,308,,,http://test.k6.io,
http_req_receiving,1715705344,0.136000,,,,true,,GET,http://test.k6.io,HTTP/1.1,default,,308,,,http://test.k6.io,
http_req_failed,1715705344,0.000000,,,,true,,GET,http://test.k6.io,HTTP/1.1,default,,308,,,http://test.k6.io,
vus,1715705345,5.000000,,,,,,,,,,,,,,,
vus_max,1715705345,5.000000,,,,,,,,,,,,,,,
http_reqs,1715705345,1.000000,,,,true,,GET,https://test.k6.io/,HTTP/1.1,default,,200,,tls1.3,https://test.k6.io/,
http_req_duration,1715705345,292.875000,,,,true,,GET,https://test.k6.io/,HTTP/1.1,default,,200,,tls1.3,https://test.k6.io/,
http_req_blocked,1715705345,628.433000,,,,true,,GET,https://test.k6.io/,HTTP/1.1,default,,200,,tls1.3,https://test.k6.io/,
http_req_connecting,1715705345,306.972000,,,,true,,GET,https://test.k6.io/,HTTP/1.1,default,,200,,tls1.3,https://test.k6.io/,
http_req_tls_handshaking,1715705345,321.317000,,,,true,,GET,https://test.k6.io/,HTTP/1.1,default,,200,,tls1.3,https://test.k6.io/,
http_req_sending,1715705345,0.086000,,,,true,,GET,https://test.k6.io/,HTTP/1.1,default,,200,,tls1.3,https://test.k6.io/,
http_req_waiting,1715705345,292.627000,,,,true,,GET,https://test.k6.io/,HTTP/1.1,default,,200,,tls1.3,https://test.k6.io/,
http_req_receiving,1715705345,0.162000,,,,true,,GET,https://test.k6.io/,HTTP/1.1,default,,200,,tls1.3,https://test.k6.io/,
http_req_failed,1715705345,0.000000,,,,true,,GET,https://test.k6.io/,HTTP/1.1,default,,200,,tls1.3,https://test.k6.io/,
http_reqs,1715705345,1.000000,,,,true,,GET,https://test.k6.io/,HTTP/1.1,default,,200,,tls1.3,https://test.k6.io/,
http_req_duration,1715705345,302.653000,,,,true,,GET,https://test.k6.io/,HTTP/1.1,default,,200,,tls1.3,https://test.k6.io/,
http_req_blocked,1715705345,624.857000,,,,true,,GET,https://test.k6.io/,HTTP/1.1,default,,200,,tls1.3,https://test.k6.io/,
http_req_connecting,1715705345,307.015000,,,,true,,GET,https://test.k6.io/,HTTP/1.1,default,,200,,tls1.3,https://test.k6.io/,
http_req_tls_handshaking,1715705345,317.725000,,,,true,,GET,https://test.k6.io/,HTTP/1.1,default,,200,,tls1.3,https://test.k6.io/,
http_req_sending,1715705345,0.125000,,,,true,,GET,https://test.k6.io/,HTTP/1.1,default,,200,,tls1.3,https://test.k6.io/,
http_req_waiting,1715705345,302.431000,,,,true,,GET,https://test.k6.io/,HTTP/1.1,default,,200,,tls1.3,https://test.k6.io/,
http_req_receiving,1715705345,0.097000,,,,true,,GET,https://test.k6.io/,HTTP/1.1,default,,200,,tls1.3,https://test.k6.io/,
http_req_failed,1715705345,0.000000,,,,true,,GET,https://test.k6.io/,HTTP/1.1,default,,200,,tls1.3,https://test.k6.io/,
http_reqs,1715705345,1.000000,,,,true,,GET,https://test.k6.io/,HTTP/1.1,default,,200,,tls1.3,https://test.k6.io/,
http_req_duration,1715705345,301.890000,,,,true,,GET,https://test.k6.io/,HTTP/1.1,default,,200,,tls1.3,https://test.k6.io/,
http_req_blocked,1715705345,632.859000,,,,true,,GET,https://test.k6.io/,HTTP/1.1,default,,200,,tls1.3,https://test.k6.io/,
http_req_connecting,1715705345,306.836000,,,,true,,GET,https://test.k6.io/,HTTP/1.1,default,,200,,tls1.3,https://test.k6.io/,
http_req_tls_handshaking,1715705345,325.699000,,,,true,,GET,https://test.k6.io/,HTTP/1.1,default,,200,,tls1.3,https://test.k6.io/,
http_req_sending,1715705345,0.067000,,,,true,,GET,https://test.k6.io/,HTTP/1.1,default,,200,,tls1.3,https://test.k6.io/,
http_req_waiting,1715705345,301.736000,,,,true,,GET,https://test.k6.io/,HTTP/1.1,default,,200,,tls1.3,https://test.k6.io/,
http_req_receiving,1715705345,0.087000,,,,true,,GET,https://test.k6.io/,HTTP/1.1,default,,200,,tls1.3,https://test.k6.io/,
http_req_failed,1715705345,0.000000,,,,true,,GET,https://test.k6.io/,HTTP/1.1,default,,200,,tls1.3,https://test.k6.io/,
http_reqs,1715705345,1.000000,,,,true,,GET,https://test.k6.io/,HTTP/1.1,default,,200,,tls1.3,https://test.k6.io/,
http_req_duration,1715705345,309.539000,,,,true,,GET,https://test.k6.io/,HTTP/1.1,default,,200,,tls1.3,https://test.k6.io/,
http_req_blocked,1715705345,636.841000,,,,true,,GET,https://test.k6.io/,HTTP/1.1,default,,200,,tls1.3,https://test.k6.io/,
http_req_connecting,1715705345,308.965000,,,,true,,GET,https://test.k6.io/,HTTP/1.1,default,,200,,tls1.3,https://test.k6.io/,
http_req_tls_handshaking,1715705345,327.758000,,,,true,,GET,https://test.k6.io/,HTTP/1.1,default,,200,,tls1.3,https://test.k6.io/,
http_req_sending,1715705345,0.042000,,,,true,,GET,https://test.k6.io/,HTTP/1.1,default,,200,,tls1.3,https://test.k6.io/,
http_req_waiting,1715705345,309.402000,,,,true,,GET,https://test.k6.io/,HTTP/1.1,default,,200,,tls1.3,https://test.k6.io/,
http_req_receiving,1715705345,0.095000,,,,true,,GET,https://test.k6.io/,HTTP/1.1,default,,200,,tls1.3,https://test.k6.io/,
http_req_failed,1715705345,0.000000,,,,true,,GET,https://test.k6.io/,HTTP/1.1,default,,200,,tls1.3,https://test.k6.io/,
vus,1715705346,5.000000,,,,,,,,,,,,,,,
vus_max,1715705346,5.000000,,,,,,,,,,,,,,,
http_reqs,1715705346,1.000000,,,,true,,GET,https://test.k6.io/,HTTP/1.1,default,,200,,tls1.3,https://test.k6.io/,
http_req_duration,1715705346,403.521000,,,,true,,GET,https://test.k6.io/,HTTP/1.1,default,,200,,tls1.3,https://test.k6.io/,
http_req_blocked,1715705346,927.445000,,,,true,,GET,https://test.k6.io/,HTTP/1.1,default,,200,,tls1.3,https://test.k6.io/,
http_req_connecting,1715705346,307.120000,,,,true,,GET,https://test.k6.io/,HTTP/1.1,default,,200,,tls1.3,https://test.k6.io/,
http_req_tls_handshaking,1715705346,620.156000,,,,true,,GET,https://test.k6.io/,HTTP/1.1,default,,200,,tls1.3,https://test.k6.io/,
http_req_sending,1715705346,0.092000,,,,true,,GET,https://test.k6.io/,HTTP/1.1,default,,200,,tls1.3,https://test.k6.io/,
http_req_waiting,1715705346,402.806000,,,,true,,GET,https://test.k6.io/,HTTP/1.1,default,,200,,tls1.3,https://test.k6.io/,
http_req_receiving,1715705346,0.623000,,,,true,,GET,https://test.k6.io/,HTTP/1.1,default,,200,,tls1.3,https://test.k6.io/,
http_req_failed,1715705346,0.000000,,,,true,,GET,https://test.k6.io/,HTTP/1.1,default,,200,,tls1.3,https://test.k6.io/,
data_sent,1715705346,542.000000,,,,,,,,,default,,,,,,
data_received,1715705346,17310.000000,,,,,,,,,default,,,,,,
iteration_duration,1715705346,2744.550127,,,,,,,,,default,,,,,,
iterations,1715705346,1.000000,,,,,,,,,default,,,,,,
data_sent,1715705346,542.000000,,,,,,,,,default,,,,,,
data_received,1715705346,17310.000000,,,,,,,,,default,,,,,,
iteration_duration,1715705346,2748.977510,,,,,,,,,default,,,,,,
iterations,1715705346,1.000000,,,,,,,,,default,,,,,,
data_sent,1715705346,542.000000,,,,,,,,,default,,,,,,
data_received,1715705346,17310.000000,,,,,,,,,default,,,,,,
iteration_duration,1715705346,2756.999693,,,,,,,,,default,,,,,,
iterations,1715705346,1.000000,,,,,,,,,default,,,,,,
data_sent,1715705346,542.000000,,,,,,,,,default,,,,,,
data_received,1715705346,17310.000000,,,,,,,,,default,,,,,,
iteration_duration,1715705346,2768.798459,,,,,,,,,default,,,,,,
iterations,1715705346,1.000000,,,,,,,,,default,,,,,,
vus,1715705347,5.000000,,,,,,,,,,,,,,,
vus_max,1715705347,5.000000,,,,,,,,,,,,,,,
http_reqs,1715705347,1.000000,,,,true,,GET,http://test.k6.io,HTTP/1.1,default,,308,,,http://test.k6.io,
http_req_duration,1715705347,312.467000,,,,true,,GET,http://test.k6.io,HTTP/1.1,default,,308,,,http://test.k6.io,
http_req_blocked,1715705347,0.006000,,,,true,,GET,http://test.k6.io,HTTP/1.1,default,,308,,,http://test.k6.io,
http_req_connecting,1715705347,0.000000,,,,true,,GET,http://test.k6.io,HTTP/1.1,default,,308,,,http://test.k6.io,
http_req_tls_handshaking,1715705347,0.000000,,,,true,,GET,http://test.k6.io,HTTP/1.1,default,,308,,,http://test.k6.io,
http_req_sending,1715705347,0.022000,,,,true,,GET,http://test.k6.io,HTTP/1.1,default,,308,,,http://test.k6.io,
http_req_waiting,1715705347,312.344000,,,,true,,GET,http://test.k6.io,HTTP/1.1,default,,308,,,http://test.k6.io,
http_req_receiving,1715705347,0.101000,,,,true,,GET,http://test.k6.io,HTTP/1.1,default,,308,,,http://test.k6.io,
http_req_failed,1715705347,0.000000,,,,true,,GET,http://test.k6.io,HTTP/1.1,default,,308,,,http://test.k6.io,
http_reqs,1715705347,1.000000,,,,true,,GET,http://test.k6.io,HTTP/1.1,default,,308,,,http://test.k6.io,
http_req_duration,1715705347,352.079000,,,,true,,GET,http://test.k6.io,HTTP/1.1,default,,308,,,http://test.k6.io,
http_req_blocked,1715705347,0.006000,,,,true,,GET,http://test.k6.io,HTTP/1.1,default,,308,,,http://test.k6.io,
http_req_connecting,1715705347,0.000000,,,,true,,GET,http://test.k6.io,HTTP/1.1,default,,308,,,http://test.k6.io,
http_req_tls_handshaking,1715705347,0.000000,,,,true,,GET,http://test.k6.io,HTTP/1.1,default,,308,,,http://test.k6.io,
http_req_sending,1715705347,0.028000,,,,true,,GET,http://test.k6.io,HTTP/1.1,default,,308,,,http://test.k6.io,
http_req_waiting,1715705347,351.928000,,,,true,,GET,http://test.k6.io,HTTP/1.1,default,,308,,,http://test.k6.io,
http_req_receiving,1715705347,0.123000,,,,true,,GET,http://test.k6.io,HTTP/1.1,default,,308,,,http://test.k6.io,
http_req_failed,1715705347,0.000000,,,,true,,GET,http://test.k6.io,HTTP/1.1,default,,308,,,http://test.k6.io,
http_reqs,1715705347,1.000000,,,,true,,GET,http://test.k6.io,HTTP/1.1,default,,308,,,http://test.k6.io,
http_req_duration,1715705347,348.873000,,,,true,,GET,http://test.k6.io,HTTP/1.1,default,,308,,,http://test.k6.io,
http_req_blocked,1715705347,0.005000,,,,true,,GET,http://test.k6.io,HTTP/1.1,default,,308,,,http://test.k6.io,
http_req_connecting,1715705347,0.000000,,,,true,,GET,http://test.k6.io,HTTP/1.1,default,,308,,,http://test.k6.io,
http_req_tls_handshaking,1715705347,0.000000,,,,true,,GET,http://test.k6.io,HTTP/1.1,default,,308,,,http://test.k6.io,
http_req_sending,1715705347,0.029000,,,,true,,GET,http://test.k6.io,HTTP/1.1,default,,308,,,http://test.k6.io,
http_req_waiting,1715705347,348.791000,,,,true,,GET,http://test.k6.io,HTTP/1.1,default,,308,,,http://test.k6.io,
http_req_receiving,1715705347,0.053000,,,,true,,GET,http://test.k6.io,HTTP/1.1,default,,308,,,http://test.k6.io,
http_req_failed,1715705347,0.000000,,,,true,,GET,http://test.k6.io,HTTP/1.1,default,,308,,,http://test.k6.io,
http_reqs,1715705347,1.000000,,,,true,,GET,http://test.k6.io,HTTP/1.1,default,,308,,,http://test.k6.io,
http_req_duration,1715705347,342.735000,,,,true,,GET,http://test.k6.io,HTTP/1.1,default,,308,,,http://test.k6.io,
http_req_blocked,1715705347,0.007000,,,,true,,GET,http://test.k6.io,HTTP/1.1,default,,308,,,http://test.k6.io,
http_req_connecting,1715705347,0.000000,,,,true,,GET,http://test.k6.io,HTTP/1.1,default,,308,,,http://test.k6.io,
http_req_tls_handshaking,1715705347,0.000000,,,,true,,GET,http://test.k6.io,HTTP/1.1,default,,308,,,http://test.k6.io,
http_req_sending,1715705347,0.028000,,,,true,,GET,http://test.k6.io,HTTP/1.1,default,,308,,,http://test.k6.io,
http_req_waiting,1715705347,342.654000,,,,true,,GET,http://test.k6.io,HTTP/1.1,default,,308,,,http://test.k6.io,
http_req_receiving,1715705347,0.053000,,,,true,,GET,http://test.k6.io,HTTP/1.1,default,,308,,,http://test.k6.io,
http_req_failed,1715705347,0.000000,,,,true,,GET,http://test.k6.io,HTTP/1.1,default,,308,,,http://test.k6.io,
data_sent,1715705347,542.000000,,,,,,,,,default,,,,,,
data_received,1715705347,17332.000000,,,,,,,,,default,,,,,,
iteration_duration,1715705347,3152.402017,,,,,,,,,default,,,,,,
iterations,1715705347,1.000000,,,,,,,,,default,,,,,,
http_reqs,1715705347,1.000000,,,,true,,GET,https://test.k6.io/,HTTP/1.1,default,,200,,tls1.3,https://test.k6.io/,
http_req_duration,1715705347,402.688000,,,,true,,GET,https://test.k6.io/,HTTP/1.1,default,,200,,tls1.3,https://test.k6.io/,
http_req_blocked,1715705347,0.005000,,,,true,,GET,https://test.k6.io/,HTTP/1.1,default,,200,,tls1.3,https://test.k6.io/,
http_req_connecting,1715705347,0.000000,,,,true,,GET,https://test.k6.io/,HTTP/1.1,default,,200,,tls1.3,https://test.k6.io/,
http_req_tls_handshaking,1715705347,0.000000,,,,true,,GET,https://test.k6.io/,HTTP/1.1,default,,200,,tls1.3,https://test.k6.io/,
http_req_sending,1715705347,0.023000,,,,true,,GET,https://test.k6.io/,HTTP/1.1,default,,200,,tls1.3,https://test.k6.io/,
http_req_waiting,1715705347,402.533000,,,,true,,GET,https://test.k6.io/,HTTP/1.1,default,,200,,tls1.3,https://test.k6.io/,
http_req_receiving,1715705347,0.132000,,,,true,,GET,https://test.k6.io/,HTTP/1.1,default,,200,,tls1.3,https://test.k6.io/,
http_req_failed,1715705347,0.000000,,,,true,,GET,https://test.k6.io/,HTTP/1.1,default,,200,,tls1.3,https://test.k6.io/,
http_reqs,1715705347,1.000000,,,,true,,GET,https://test.k6.io/,HTTP/1.1,default,,200,,tls1.3,https://test.k6.io/,
http_req_duration,1715705347,387.220000,,,,true,,GET,https://test.k6.io/,HTTP/1.1,default,,200,,tls1.3,https://test.k6.io/,
http_req_blocked,1715705347,0.008000,,,,true,,GET,https://test.k6.io/,HTTP/1.1,default,,200,,tls1.3,https://test.k6.io/,
http_req_connecting,1715705347,0.000000,,,,true,,GET,https://test.k6.io/,HTTP/1.1,default,,200,,tls1.3,https://test.k6.io/,
http_req_tls_handshaking,1715705347,0.000000,,,,true,,GET,https://test.k6.io/,HTTP/1.1,default,,200,,tls1.3,https://test.k6.io/,
http_req_sending,1715705347,0.067000,,,,true,,GET,https://test.k6.io/,HTTP/1.1,default,,200,,tls1.3,https://test.k6.io/,
http_req_waiting,1715705347,386.972000,,,,true,,GET,https://test.k6.io/,HTTP/1.1,default,,200,,tls1.3,https://test.k6.io/,
http_req_receiving,1715705347,0.181000,,,,true,,GET,https://test.k6.io/,HTTP/1.1,default,,200,,tls1.3,https://test.k6.io/,
http_req_failed,1715705347,0.000000,,,,true,,GET,https://test.k6.io/,HTTP/1.1,default,,200,,tls1.3,https://test.k6.io/,
http_reqs,1715705347,1.000000,,,,true,,GET,https://test.k6.io/,HTTP/1.1,default,,200,,tls1.3,https://test.k6.io/,
http_req_duration,1715705347,384.339000,,,,true,,GET,https://test.k6.io/,HTTP/1.1,default,,200,,tls1.3,https://test.k6.io/,
http_req_blocked,1715705347,0.003000,,,,true,,GET,https://test.k6.io/,HTTP/1.1,default,,200,,tls1.3,https://test.k6.io/,
http_req_connecting,1715705347,0.000000,,,,true,,GET,https://test.k6.io/,HTTP/1.1,default,,200,,tls1.3,https://test.k6.io/,
http_req_tls_handshaking,1715705347,0.000000,,,,true,,GET,https://test.k6.io/,HTTP/1.1,default,,200,,tls1.3,https://test.k6.io/,
http_req_sending,1715705347,0.013000,,,,true,,GET,https://test.k6.io/,HTTP/1.1,default,,200,,tls1.3,https://test.k6.io/,
http_req_waiting,1715705347,384.261000,,,,true,,GET,https://test.k6.io/,HTTP/1.1,default,,200,,tls1.3,https://test.k6.io/,
http_req_receiving,1715705347,0.065000,,,,true,,GET,https://test.k6.io/,HTTP/1.1,default,,200,,tls1.3,https://test.k6.io/,
http_req_failed,1715705347,0.000000,,,,true,,GET,https://test.k6.io/,HTTP/1.1,default,,200,,tls1.3,https://test.k6.io/,
http_reqs,1715705347,1.000000,,,,true,,GET,http://test.k6.io,HTTP/1.1,default,,308,,,http://test.k6.io,
http_req_duration,1715705347,331.659000,,,,true,,GET,http://test.k6.io,HTTP/1.1,default,,308,,,http://test.k6.io,
http_req_blocked,1715705347,0.015000,,,,true,,GET,http://test.k6.io,HTTP/1.1,default,,308,,,http://test.k6.io,
http_req_connecting,1715705347,0.000000,,,,true,,GET,http://test.k6.io,HTTP/1.1,default,,308,,,http://test.k6.io,
http_req_tls_handshaking,1715705347,0.000000,,,,true,,GET,http://test.k6.io,HTTP/1.1,default,,308,,,http://test.k6.io,
http_req_sending,1715705347,0.087000,,,,true,,GET,http://test.k6.io,HTTP/1.1,default,,308,,,http://test.k6.io,
http_req_waiting,1715705347,331.498000,,,,true,,GET,http://test.k6.io,HTTP/1.1,default,,308,,,http://test.k6.io,
http_req_receiving,1715705347,0.074000,,,,true,,GET,http://test.k6.io,HTTP/1.1,default,,308,,,http://test.k6.io,
http_req_failed,1715705347,0.000000,,,,true,,GET,http://test.k6.io,HTTP/1.1,default,,308,,,http://test.k6.io,
http_reqs,1715705347,1.000000,,,,true,,GET,https://test.k6.io/,HTTP/1.1,default,,200,,tls1.3,https://test.k6.io/,
http_req_duration,1715705347,386.648000,,,,true,,GET,https://test.k6.io/,HTTP/1.1,default,,200,,tls1.3,https://test.k6.io/,
http_req_blocked,1715705347,0.004000,,,,true,,GET,https://test.k6.io/,HTTP/1.1,default,,200,,tls1.3,https://test.k6.io/,
http_req_connecting,1715705347,0.000000,,,,true,,GET,https://test.k6.io/,HTTP/1.1,default,,200,,tls1.3,https://test.k6.io/,
http_req_tls_handshaking,1715705347,0.000000,,,,true,,GET,https://test.k6.io/,HTTP/1.1,default,,200,,tls1.3,https://test.k6.io/,
http_req_sending,1715705347,0.016000,,,,true,,GET,https://test.k6.io/,HTTP/1.1,default,,200,,tls1.3,https://test.k6.io/,
http_req_waiting,1715705347,386.550000,,,,true,,GET,https://test.k6.io/,HTTP/1.1,default,,200,,tls1.3,https://test.k6.io/,
http_req_receiving,1715705347,0.082000,,,,true,,GET,https://test.k6.io/,HTTP/1.1,default,,200,,tls1.3,https://test.k6.io/,
http_req_failed,1715705347,0.000000,,,,true,,GET,https://test.k6.io/,HTTP/1.1,default,,200,,tls1.3,https://test.k6.io/,
http_reqs,1715705347,1.000000,,,,true,,GET,https://test.k6.io/,HTTP/1.1,default,,200,,tls1.3,https://test.k6.io/,
http_req_duration,1715705347,307.001000,,,,true,,GET,https://test.k6.io/,HTTP/1.1,default,,200,,tls1.3,https://test.k6.io/,
http_req_blocked,1715705347,0.006000,,,,true,,GET,https://test.k6.io/,HTTP/1.1,default,,200,,tls1.3,https://test.k6.io/,
http_req_connecting,1715705347,0.000000,,,,true,,GET,https://test.k6.io/,HTTP/1.1,default,,200,,tls1.3,https://test.k6.io/,
http_req_tls_handshaking,1715705347,0.000000,,,,true,,GET,https://test.k6.io/,HTTP/1.1,default,,200,,tls1.3,https://test.k6.io/,
http_req_sending,1715705347,0.022000,,,,true,,GET,https://test.k6.io/,HTTP/1.1,default,,200,,tls1.3,https://test.k6.io/,
http_req_waiting,1715705347,306.447000,,,,true,,GET,https://test.k6.io/,HTTP/1.1,default,,200,,tls1.3,https://test.k6.io/,
http_req_receiving,1715705347,0.532000,,,,true,,GET,https://test.k6.io/,HTTP/1.1,default,,200,,tls1.3,https://test.k6.io/,
http_req_failed,1715705347,0.000000,,,,true,,GET,https://test.k6.io/,HTTP/1.1,default,,200,,tls1.3,https://test.k6.io/,
vus,1715705348,5.000000,,,,,,,,,,,,,,,
vus_max,1715705348,5.000000,,,,,,,,,,,,,,,
data_sent,1715705348,202.000000,,,,,,,,,default,,,,,,
data_received,1715705348,11867.000000,,,,,,,,,default,,,,,,
iteration_duration,1715705348,1715.979720,,,,,,,,,default,,,,,,
iterations,1715705348,1.000000,,,,,,,,,default,,,,,,
data_sent,1715705348,202.000000,,,,,,,,,default,,,,,,
data_received,1715705348,11839.000000,,,,,,,,,default,,,,,,
iteration_duration,1715705348,1740.264877,,,,,,,,,default,,,,,,
iterations,1715705348,1.000000,,,,,,,,,default,,,,,,
data_sent,1715705348,202.000000,,,,,,,,,default,,,,,,
data_received,1715705348,11839.000000,,,,,,,,,default,,,,,,
iteration_duration,1715705348,1735.872080,,,,,,,,,default,,,,,,
iterations,1715705348,1.000000,,,,,,,,,default,,,,,,
data_sent,1715705348,202.000000,,,,,,,,,default,,,,,,
data_received,1715705348,11839.000000,,,,,,,,,default,,,,,,
iteration_duration,1715705348,1727.886217,,,,,,,,,default,,,,,,
iterations,1715705348,1.000000,,,,,,,,,default,,,,,,
http_reqs,1715705348,1.000000,,,,true,,GET,http://test.k6.io,HTTP/1.1,default,,308,,,http://test.k6.io,
http_req_duration,1715705348,278.591000,,,,true,,GET,http://test.k6.io,HTTP/1.1,default,,308,,,http://test.k6.io,
http_req_blocked,1715705348,0.005000,,,,true,,GET,http://test.k6.io,HTTP/1.1,default,,308,,,http://test.k6.io,
http_req_connecting,1715705348,0.000000,,,,true,,GET,http://test.k6.io,HTTP/1.1,default,,308,,,http://test.k6.io,
http_req_tls_handshaking,1715705348,0.000000,,,,true,,GET,http://test.k6.io,HTTP/1.1,default,,308,,,http://test.k6.io,
http_req_sending,1715705348,0.026000,,,,true,,GET,http://test.k6.io,HTTP/1.1,default,,308,,,http://test.k6.io,
http_req_waiting,1715705348,278.454000,,,,true,,GET,http://test.k6.io,HTTP/1.1,default,,308,,,http://test.k6.io,
http_req_receiving,1715705348,0.111000,,,,true,,GET,http://test.k6.io,HTTP/1.1,default,,308,,,http://test.k6.io,
http_req_failed,1715705348,0.000000,,,,true,,GET,http://test.k6.io,HTTP/1.1,default,,308,,,http://test.k6.io,
http_reqs,1715705348,1.000000,,,,true,,GET,http://test.k6.io,HTTP/1.1,default,,308,,,http://test.k6.io,
http_req_duration,1715705348,296.954000,,,,true,,GET,http://test.k6.io,HTTP/1.1,default,,308,,,http://test.k6.io,
http_req_blocked,1715705348,0.007000,,,,true,,GET,http://test.k6.io,HTTP/1.1,default,,308,,,http://test.k6.io,
http_req_connecting,1715705348,0.000000,,,,true,,GET,http://test.k6.io,HTTP/1.1,default,,308,,,http://test.k6.io,
http_req_tls_handshaking,1715705348,0.000000,,,,true,,GET,http://test.k6.io,HTTP/1.1,default,,308,,,http://test.k6.io,
http_req_sending,1715705348,0.026000,,,,true,,GET,http://test.k6.io,HTTP/1.1,default,,308,,,http://test.k6.io,
http_req_waiting,1715705348,296.751000,,,,true,,GET,http://test.k6.io,HTTP/1.1,default,,308,,,http://test.k6.io,
http_req_receiving,1715705348,0.177000,,,,true,,GET,http://test.k6.io,HTTP/1.1,default,,308,,,http://test.k6.io,
http_req_failed,1715705348,0.000000,,,,true,,GET,http://test.k6.io,HTTP/1.1,default,,308,,,http://test.k6.io,
http_reqs,1715705348,1.000000,,,,true,,GET,http://test.k6.io,HTTP/1.1,default,,308,,,http://test.k6.io,
http_req_duration,1715705348,299.796000,,,,true,,GET,http://test.k6.io,HTTP/1.1,default,,308,,,http://test.k6.io,
http_req_blocked,1715705348,0.007000,,,,true,,GET,http://test.k6.io,HTTP/1.1,default,,308,,,http://test.k6.io,
http_req_connecting,1715705348,0.000000,,,,true,,GET,http://test.k6.io,HTTP/1.1,default,,308,,,http://test.k6.io,
http_req_tls_handshaking,1715705348,0.000000,,,,true,,GET,http://test.k6.io,HTTP/1.1,default,,308,,,http://test.k6.io,
http_req_sending,1715705348,0.023000,,,,true,,GET,http://test.k6.io,HTTP/1.1,default,,308,,,http://test.k6.io,
http_req_waiting,1715705348,299.710000,,,,true,,GET,http://test.k6.io,HTTP/1.1,default,,308,,,http://test.k6.io,
http_req_receiving,1715705348,0.063000,,,,true,,GET,http://test.k6.io,HTTP/1.1,default,,308,,,http://test.k6.io,
http_req_failed,1715705348,0.000000,,,,true,,GET,http://test.k6.io,HTTP/1.1,default,,308,,,http://test.k6.io,
http_reqs,1715705348,1.000000,,,,true,,GET,http://test.k6.io,HTTP/1.1,default,,308,,,http://test.k6.io,
http_req_duration,1715705348,301.716000,,,,true,,GET,http://test.k6.io,HTTP/1.1,default,,308,,,http://test.k6.io,
http_req_blocked,1715705348,0.007000,,,,true,,GET,http://test.k6.io,HTTP/1.1,default,,308,,,http://test.k6.io,
http_req_connecting,1715705348,0.000000,,,,true,,GET,http://test.k6.io,HTTP/1.1,default,,308,,,http://test.k6.io,
http_req_tls_handshaking,1715705348,0.000000,,,,true,,GET,http://test.k6.io,HTTP/1.1,default,,308,,,http://test.k6.io,
http_req_sending,1715705348,0.020000,,,,true,,GET,http://test.k6.io,HTTP/1.1,default,,308,,,http://test.k6.io,
http_req_waiting,1715705348,301.651000,,,,true,,GET,http://test.k6.io,HTTP/1.1,default,,308,,,http://test.k6.io,
http_req_receiving,1715705348,0.045000,,,,true,,GET,http://test.k6.io,HTTP/1.1,default,,308,,,http://test.k6.io,
http_req_failed,1715705348,0.000000,,,,true,,GET,http://test.k6.io,HTTP/1.1,default,,308,,,http://test.k6.io,
data_sent,1715705348,202.000000,,,,,,,,,default,,,,,,
data_received,1715705348,11839.000000,,,,,,,,,default,,,,,,
iteration_duration,1715705348,1640.159110,,,,,,,,,default,,,,,,
iterations,1715705348,1.000000,,,,,,,,,default,,,,,,
vus,1715705349,5.000000,,,,,,,,,,,,,,,
vus_max,1715705349,5.000000,,,,,,,,,,,,,,,
http_reqs,1715705349,1.000000,,,,true,,GET,http://test.k6.io,HTTP/1.1,default,,308,,,http://test.k6.io,
http_req_duration,1715705349,297.793000,,,,true,,GET,http://test.k6.io,HTTP/1.1,default,,308,,,http://test.k6.io,
http_req_blocked,1715705349,0.004000,,,,true,,GET,http://test.k6.io,HTTP/1.1,default,,308,,,http://test.k6.io,
http_req_connecting,1715705349,0.000000,,,,true,,GET,http://test.k6.io,HTTP/1.1,default,,308,,,http://test.k6.io,
http_req_tls_handshaking,1715705349,0.000000,,,,true,,GET,http://test.k6.io,HTTP/1.1,default,,308,,,http://test.k6.io,
http_req_sending,1715705349,0.022000,,,,true,,GET,http://test.k6.io,HTTP/1.1,default,,308,,,http://test.k6.io,
http_req_waiting,1715705349,297.684000,,,,true,,GET,http://test.k6.io,HTTP/1.1,default,,308,,,http://test.k6.io,
http_req_receiving,1715705349,0.087000,,,,true,,GET,http://test.k6.io,HTTP/1.1,default,,308,,,http://test.k6.io,
http_req_failed,1715705349,0.000000,,,,true,,GET,http://test.k6.io,HTTP/1.1,default,,308,,,http://test.k6.io,
http_reqs,1715705349,1.000000,,,,true,,GET,https://test.k6.io/,HTTP/1.1,default,,200,,tls1.3,https://test.k6.io/,
http_req_duration,1715705349,306.734000,,,,true,,GET,https://test.k6.io/,HTTP/1.1,default,,200,,tls1.3,https://test.k6.io/,
http_req_blocked,1715705349,0.005000,,,,true,,GET,https://test.k6.io/,HTTP/1.1,default,,200,,tls1.3,https://test.k6.io/,
http_req_connecting,1715705349,0.000000,,,,true,,GET,https://test.k6.io/,HTTP/1.1,default,,200,,tls1.3,https://test.k6.io/,
http_req_tls_handshaking,1715705349,0.000000,,,,true,,GET,https://test.k6.io/,HTTP/1.1,default,,200,,tls1.3,https://test.k6.io/,
http_req_sending,1715705349,0.017000,,,,true,,GET,https://test.k6.io/,HTTP/1.1,default,,200,,tls1.3,https://test.k6.io/,
http_req_waiting,1715705349,306.652000,,,,true,,GET,https://test.k6.io/,HTTP/1.1,default,,200,,tls1.3,https://test.k6.io/,
http_req_receiving,1715705349,0.065000,,,,true,,GET,https://test.k6.io/,HTTP/1.1,default,,200,,tls1.3,https://test.k6.io/,
http_req_failed,1715705349,0.000000,,,,true,,GET,https://test.k6.io/,HTTP/1.1,default,,200,,tls1.3,https://test.k6.io/,
http_reqs,1715705349,1.000000,,,,true,,GET,https://test.k6.io/,HTTP/1.1,default,,200,,tls1.3,https://test.k6.io/,
http_req_duration,1715705349,308.246000,,,,true,,GET,https://test.k6.io/,HTTP/1.1,default,,200,,tls1.3,https://test.k6.io/,
http_req_blocked,1715705349,0.008000,,,,true,,GET,https://test.k6.io/,HTTP/1.1,default,,200,,tls1.3,https://test.k6.io/,
http_req_connecting,1715705349,0.000000,,,,true,,GET,https://test.k6.io/,HTTP/1.1,default,,200,,tls1.3,https://test.k6.io/,
http_req_tls_handshaking,1715705349,0.000000,,,,true,,GET,https://test.k6.io/,HTTP/1.1,default,,200,,tls1.3,https://test.k6.io/,
http_req_sending,1715705349,0.048000,,,,true,,GET,https://test.k6.io/,HTTP/1.1,default,,200,,tls1.3,https://test.k6.io/,
http_req_waiting,1715705349,308.144000,,,,true,,GET,https://test.k6.io/,HTTP/1.1,default,,200,,tls1.3,https://test.k6.io/,
http_req_receiving,1715705349,0.054000,,,,true,,GET,https://test.k6.io/,HTTP/1.1,default,,200,,tls1.3,https://test.k6.io/,
http_req_failed,1715705349,0.000000,,,,true,,GET,https://test.k6.io/,HTTP/1.1,default,,200,,tls1.3,https://test.k6.io/,
http_reqs,1715705349,1.000000,,,,true,,GET,https://test.k6.io/,HTTP/1.1,default,,200,,tls1.3,https://test.k6.io/,
http_req_duration,1715705349,327.921000,,,,true,,GET,https://test.k6.io/,HTTP/1.1,default,,200,,tls1.3,https://test.k6.io/,
http_req_blocked,1715705349,0.087000,,,,true,,GET,https://test.k6.io/,HTTP/1.1,default,,200,,tls1.3,https://test.k6.io/,
http_req_connecting,1715705349,0.000000,,,,true,,GET,https://test.k6.io/,HTTP/1.1,default,,200,,tls1.3,https://test.k6.io/,
http_req_tls_handshaking,1715705349,0.000000,,,,true,,GET,https://test.k6.io/,HTTP/1.1,default,,200,,tls1.3,https://test.k6.io/,
http_req_sending,1715705349,0.032000,,,,true,,GET,https://test.k6.io/,HTTP/1.1,default,,200,,tls1.3,https://test.k6.io/,
http_req_waiting,1715705349,327.787000,,,,true,,GET,https://test.k6.io/,HTTP/1.1,default,,200,,tls1.3,https://test.k6.io/,
http_req_receiving,1715705349,0.102000,,,,true,,GET,https://test.k6.io/,HTTP/1.1,default,,200,,tls1.3,https://test.k6.io/,
http_req_failed,1715705349,0.000000,,,,true,,GET,https://test.k6.io/,HTTP/1.1,default,,200,,tls1.3,https://test.k6.io/,
http_reqs,1715705349,1.000000,,,,true,,GET,https://test.k6.io/,HTTP/1.1,default,,200,,tls1.3,https://test.k6.io/,
http_req_duration,1715705349,304.985000,,,,true,,GET,https://test.k6.io/,HTTP/1.1,default,,200,,tls1.3,https://test.k6.io/,
http_req_blocked,1715705349,0.003000,,,,true,,GET,https://test.k6.io/,HTTP/1.1,default,,200,,tls1.3,https://test.k6.io/,
http_req_connecting,1715705349,0.000000,,,,true,,GET,https://test.k6.io/,HTTP/1.1,default,,200,,tls1.3,https://test.k6.io/,
http_req_tls_handshaking,1715705349,0.000000,,,,true,,GET,https://test.k6.io/,HTTP/1.1,default,,200,,tls1.3,https://test.k6.io/,
http_req_sending,1715705349,0.018000,,,,true,,GET,https://test.k6.io/,HTTP/1.1,default,,200,,tls1.3,https://test.k6.io/,
http_req_waiting,1715705349,304.922000,,,,true,,GET,https://test.k6.io/,HTTP/1.1,default,,200,,tls1.3,https://test.k6.io/,
http_req_receiving,1715705349,0.045000,,,,true,,GET,https://test.k6.io/,HTTP/1.1,default,,200,,tls1.3,https://test.k6.io/,
http_req_failed,1715705349,0.000000,,,,true,,GET,https://test.k6.io/,HTTP/1.1,default,,200,,tls1.3,https://test.k6.io/,
http_reqs,1715705349,1.000000,,,,true,,GET,https://test.k6.io/,HTTP/1.1,default,,200,,tls1.3,https://test.k6.io/,
http_req_duration,1715705349,283.628000,,,,true,,GET,https://test.k6.io/,HTTP/1.1,default,,200,,tls1.3,https://test.k6.io/,
http_req_blocked,1715705349,0.006000,,,,true,,GET,https://test.k6.io/,HTTP/1.1,default,,200,,tls1.3,https://test.k6.io/,
http_req_connecting,1715705349,0.000000,,,,true,,GET,https://test.k6.io/,HTTP/1.1,default,,200,,tls1.3,https://test.k6.io/,
http_req_tls_handshaking,1715705349,0.000000,,,,true,,GET,https://test.k6.io/,HTTP/1.1,default,,200,,tls1.3,https://test.k6.io/,
http_req_sending,1715705349,0.021000,,,,true,,GET,https://test.k6.io/,HTTP/1.1,default,,200,,tls1.3,https://test.k6.io/,
http_req_waiting,1715705349,283.521000,,,,true,,GET,https://test.k6.io/,HTTP/1.1,default,,200,,tls1.3,https://test.k6.io/,
http_req_receiving,1715705349,0.086000,,,,true,,GET,https://test.k6.io/,HTTP/1.1,default,,200,,tls1.3,https://test.k6.io/,
http_req_failed,1715705349,0.000000,,,,true,,GET,https://test.k6.io/,HTTP/1.1,default,,200,,tls1.3,https://test.k6.io/,
vus,1715705350,5.000000,,,,,,,,,,,,,,,
vus_max,1715705350,5.000000,,,,,,,,,,,,,,,
data_sent,1715705350,202.000000,,,,,,,,,default,,,,,,
data_received,1715705350,11839.000000,,,,,,,,,default,,,,,,
iteration_duration,1715705350,1607.917162,,,,,,,,,default,,,,,,
iterations,1715705350,1.000000,,,,,,,,,default,,,,,,
data_sent,1715705350,202.000000,,,,,,,,,default,,,,,,
data_received,1715705350,11861.000000,,,,,,,,,default,,,,,,
iteration_duration,1715705350,1608.083747,,,,,,,,,default,,,,,,
iterations,1715705350,1.000000,,,,,,,,,default,,,,,,
data_sent,1715705350,202.000000,,,,,,,,,default,,,,,,
data_received,1715705350,11839.000000,,,,,,,,,default,,,,,,
iteration_duration,1715705350,1608.044125,,,,,,,,,default,,,,,,
iterations,1715705350,1.000000,,,,,,,,,default,,,,,,
data_sent,1715705350,202.000000,,,,,,,,,default,,,,,,
data_received,1715705350,11839.000000,,,,,,,,,default,,,,,,
iteration_duration,1715705350,1608.237792,,,,,,,,,default,,,,,,
iterations,1715705350,1.000000,,,,,,,,,default,,,,,,
data_sent,1715705350,202.000000,,,,,,,,,default,,,,,,
data_received,1715705350,11839.000000,,,,,,,,,default,,,,,,
iteration_duration,1715705350,1581.771754,,,,,,,,,default,,,,,,
iterations,1715705350,1.000000,,,,,,,,,default,,,,,,
http_reqs,1715705350,1.000000,,,,true,,GET,http://test.k6.io,HTTP/1.1,default,,308,,,http://test.k6.io,
http_req_duration,1715705350,283.931000,,,,true,,GET,http://test.k6.io,HTTP/1.1,default,,308,,,http://test.k6.io,
http_req_blocked,1715705350,0.014000,,,,true,,GET,http://test.k6.io,HTTP/1.1,default,,308,,,http://test.k6.io,
http_req_connecting,1715705350,0.000000,,,,true,,GET,http://test.k6.io,HTTP/1.1,default,,308,,,http://test.k6.io,
http_req_tls_handshaking,1715705350,0.000000,,,,true,,GET,http://test.k6.io,HTTP/1.1,default,,308,,,http://test.k6.io,
http_req_sending,1715705350,0.071000,,,,true,,GET,http://test.k6.io,HTTP/1.1,default,,308,,,http://test.k6.io,
http_req_waiting,1715705350,283.773000,,,,true,,GET,http://test.k6.io,HTTP/1.1,default,,308,,,http://test.k6.io,
http_req_receiving,1715705350,0.087000,,,,true,,GET,http://test.k6.io,HTTP/1.1,default,,308,,,http://test.k6.io,
http_req_failed,1715705350,0.000000,,,,true,,GET,http://test.k6.io,HTTP/1.1,default,,308,,,http://test.k6.io,
http_reqs,1715705350,1.000000,,,,true,,GET,http://test.k6.io,HTTP/1.1,default,,308,,,http://test.k6.io,
http_req_duration,1715705350,295.657000,,,,true,,GET,http://test.k6.io,HTTP/1.1,default,,308,,,http://test.k6.io,
http_req_blocked,1715705350,0.010000,,,,true,,GET,http://test.k6.io,HTTP/1.1,default,,308,,,http://test.k6.io,
http_req_connecting,1715705350,0.000000,,,,true,,GET,http://test.k6.io,HTTP/1.1,default,,308,,,http://test.k6.io,
http_req_tls_handshaking,1715705350,0.000000,,,,true,,GET,http://test.k6.io,HTTP/1.1,default,,308,,,http://test.k6.io,
http_req_sending,1715705350,0.029000,,,,true,,GET,http://test.k6.io,HTTP/1.1,default,,308,,,http://test.k6.io,
http_req_waiting,1715705350,295.551000,,,,true,,GET,http://test.k6.io,HTTP/1.1,default,,308,,,http://test.k6.io,
http_req_receiving,1715705350,0.077000,,,,true,,GET,http://test.k6.io,HTTP/1.1,default,,308,,,http://test.k6.io,
http_req_failed,1715705350,0.000000,,,,true,,GET,http://test.k6.io,HTTP/1.1,default,,308,,,http://test.k6.io,
http_reqs,1715705350,1.000000,,,,true,,GET,http://test.k6.io,HTTP/1.1,default,,308,,,http://test.k6.io,
http_req_duration,1715705350,299.878000,,,,true,,GET,http://test.k6.io,HTTP/1.1,default,,308,,,http://test.k6.io,
http_req_blocked,1715705350,0.006000,,,,true,,GET,http://test.k6.io,HTTP/1.1,default,,308,,,http://test.k6.io,
http_req_connecting,1715705350,0.000000,,,,true,,GET,http://test.k6.io,HTTP/1.1,default,,308,,,http://test.k6.io,
http_req_tls_handshaking,1715705350,0.000000,,,,true,,GET,http://test.k6.io,HTTP/1.1,default,,308,,,http://test.k6.io,
http_req_sending,1715705350,0.063000,,,,true,,GET,http://test.k6.io,HTTP/1.1,default,,308,,,http://test.k6.io,
http_req_waiting,1715705350,299.706000,,,,true,,GET,http://test.k6.io,HTTP/1.1,default,,308,,,http://test.k6.io,
http_req_receiving,1715705350,0.109000,,,,true,,GET,http://test.k6.io,HTTP/1.1,default,,308,,,http://test.k6.io,
http_req_failed,1715705350,0.000000,,,,true,,GET,http://test.k6.io,HTTP/1.1,default,,308,,,http://test.k6.io,
http_reqs,1715705350,1.000000,,,,true,,GET,http://test.k6.io,HTTP/1.1,default,,308,,,http://test.k6.io,
http_req_duration,1715705350,301.803000,,,,true,,GET,http://test.k6.io,HTTP/1.1,default,,308,,,http://test.k6.io,
http_req_blocked,1715705350,0.014000,,,,true,,GET,http://test.k6.io,HTTP/1.1,default,,308,,,http://test.k6.io,
http_req_connecting,1715705350,0.000000,,,,true,,GET,http://test.k6.io,HTTP/1.1,default,,308,,,http://test.k6.io,
http_req_tls_handshaking,1715705350,0.000000,,,,true,,GET,http://test.k6.io,HTTP/1.1,default,,308,,,http://test.k6.io,
http_req_sending,1715705350,0.091000,,,,true,,GET,http://test.k6.io,HTTP/1.1,default,,308,,,http://test.k6.io,
http_req_waiting,1715705350,301.564000,,,,true,,GET,http://test.k6.io,HTTP/1.1,default,,308,,,http://test.k6.io,
http_req_receiving,1715705350,0.148000,,,,true,,GET,http://test.k6.io,HTTP/1.1,default,,308,,,http://test.k6.io,
http_req_failed,1715705350,0.000000,,,,true,,GET,http://test.k6.io,HTTP/1.1,default,,308,,,http://test.k6.io,
http_reqs,1715705350,1.000000,,,,true,,GET,http://test.k6.io,HTTP/1.1,default,,308,,,http://test.k6.io,
http_req_duration,1715705350,385.787000,,,,true,,GET,http://test.k6.io,HTTP/1.1,default,,308,,,http://test.k6.io,
http_req_blocked,1715705350,0.018000,,,,true,,GET,http://test.k6.io,HTTP/1.1,default,,308,,,http://test.k6.io,
http_req_connecting,1715705350,0.000000,,,,true,,GET,http://test.k6.io,HTTP/1.1,default,,308,,,http://test.k6.io,
http_req_tls_handshaking,1715705350,0.000000,,,,true,,GET,http://test.k6.io,HTTP/1.1,default,,308,,,http://test.k6.io,
http_req_sending,1715705350,0.024000,,,,true,,GET,http://test.k6.io,HTTP/1.1,default,,308,,,http://test.k6.io,
http_req_waiting,1715705350,385.587000,,,,true,,GET,http://test.k6.io,HTTP/1.1,default,,308,,,http://test.k6.io,
http_req_receiving,1715705350,0.176000,,,,true,,GET,http://test.k6.io,HTTP/1.1,default,,308,,,http://test.k6.io,
http_req_failed,1715705350,0.000000,,,,true,,GET,http://test.k6.io,HTTP/1.1,default,,308,,,http://test.k6.io,
http_reqs,1715705350,1.000000,,,,true,,GET,https://test.k6.io/,HTTP/1.1,default,,200,,tls1.3,https://test.k6.io/,
http_req_duration,1715705350,367.683000,,,,true,,GET,https://test.k6.io/,HTTP/1.1,default,,200,,tls1.3,https://test.k6.io/,
http_req_blocked,1715705350,0.024000,,,,true,,GET,https://test.k6.io/,HTTP/1.1,default,,200,,tls1.3,https://test.k6.io/,
http_req_connecting,1715705350,0.000000,,,,true,,GET,https://test.k6.io/,HTTP/1.1,default,,200,,tls1.3,https://test.k6.io/,
http_req_tls_handshaking,1715705350,0.000000,,,,true,,GET,https://test.k6.io/,HTTP/1.1,default,,200,,tls1.3,https://test.k6.io/,
http_req_sending,1715705350,0.077000,,,,true,,GET,https://test.k6.io/,HTTP/1.1,default,,200,,tls1.3,https://test.k6.io/,
http_req_waiting,1715705350,367.477000,,,,true,,GET,https://test.k6.io/,HTTP/1.1,default,,200,,tls1.3,https://test.k6.io/,
http_req_receiving,1715705350,0.129000,,,,true,,GET,https://test.k6.io/,HTTP/1.1,default,,200,,tls1.3,https://test.k6.io/,
http_req_failed,1715705350,0.000000,,,,true,,GET,https://test.k6.io/,HTTP/1.1,default,,200,,tls1.3,https://test.k6.io/,
http_reqs,1715705350,1.000000,,,,true,,GET,https://test.k6.io/,HTTP/1.1,default,,200,,tls1.3,https://test.k6.io/,
http_req_duration,1715705350,372.155000,,,,true,,GET,https://test.k6.io/,HTTP/1.1,default,,200,,tls1.3,https://test.k6.io/,
http_req_blocked,1715705350,0.006000,,,,true,,GET,https://test.k6.io/,HTTP/1.1,default,,200,,tls1.3,https://test.k6.io/,
http_req_connecting,1715705350,0.000000,,,,true,,GET,https://test.k6.io/,HTTP/1.1,default,,200,,tls1.3,https://test.k6.io/,
http_req_tls_handshaking,1715705350,0.000000,,,,true,,GET,https://test.k6.io/,HTTP/1.1,default,,200,,tls1.3,https://test.k6.io/,
http_req_sending,1715705350,0.022000,,,,true,,GET,https://test.k6.io/,HTTP/1.1,default,,200,,tls1.3,https://test.k6.io/,
http_req_waiting,1715705350,372.058000,,,,true,,GET,https://test.k6.io/,HTTP/1.1,default,,200,,tls1.3,https://test.k6.io/,
http_req_receiving,1715705350,0.075000,,,,true,,GET,https://test.k6.io/,HTTP/1.1,default,,200,,tls1.3,https://test.k6.io/,
http_req_failed,1715705350,0.000000,,,,true,,GET,https://test.k6.io/,HTTP/1.1,default,,200,,tls1.3,https://test.k6.io/,
http_reqs,1715705350,1.000000,,,,true,,GET,https://test.k6.io/,HTTP/1.1,default,,200,,tls1.3,https://test.k6.io/,
http_req_duration,1715705350,366.094000,,,,true,,GET,https://test.k6.io/,HTTP/1.1,default,,200,,tls1.3,https://test.k6.io/,
http_req_blocked,1715705350,0.007000,,,,true,,GET,https://test.k6.io/,HTTP/1.1,default,,200,,tls1.3,https://test.k6.io/,
http_req_connecting,1715705350,0.000000,,,,true,,GET,https://test.k6.io/,HTTP/1.1,default,,200,,tls1.3,https://test.k6.io/,
http_req_tls_handshaking,1715705350,0.000000,,,,true,,GET,https://test.k6.io/,HTTP/1.1,default,,200,,tls1.3,https://test.k6.io/,
http_req_sending,1715705350,0.035000,,,,true,,GET,https://test.k6.io/,HTTP/1.1,default,,200,,tls1.3,https://test.k6.io/,
http_req_waiting,1715705350,365.962000,,,,true,,GET,https://test.k6.io/,HTTP/1.1,default,,200,,tls1.3,https://test.k6.io/,
http_req_receiving,1715705350,0.097000,,,,true,,GET,https://test.k6.io/,HTTP/1.1,default,,200,,tls1.3,https://test.k6.io/,
http_req_failed,1715705350,0.000000,,,,true,,GET,https://test.k6.io/,HTTP/1.1,default,,200,,tls1.3,https://test.k6.io/,
vus,1715705351,5.000000,,,,,,,,,,,,,,,
vus_max,1715705351,5.000000,,,,,,,,,,,,,,,
http_reqs,1715705351,1.000000,,,,true,,GET,https://test.k6.io/,HTTP/1.1,default,,200,,tls1.3,https://test.k6.io/,
http_req_duration,1715705351,307.323000,,,,true,,GET,https://test.k6.io/,HTTP/1.1,default,,200,,tls1.3,https://test.k6.io/,
http_req_blocked,1715705351,0.011000,,,,true,,GET,https://test.k6.io/,HTTP/1.1,default,,200,,tls1.3,https://test.k6.io/,
http_req_connecting,1715705351,0.000000,,,,true,,GET,https://test.k6.io/,HTTP/1.1,default,,200,,tls1.3,https://test.k6.io/,
http_req_tls_handshaking,1715705351,0.000000,,,,true,,GET,https://test.k6.io/,HTTP/1.1,default,,200,,tls1.3,https://test.k6.io/,
http_req_sending,1715705351,0.155000,,,,true,,GET,https://test.k6.io/,HTTP/1.1,default,,200,,tls1.3,https://test.k6.io/,
http_req_waiting,1715705351,307.093000,,,,true,,GET,https://test.k6.io/,HTTP/1.1,default,,200,,tls1.3,https://test.k6.io/,
http_req_receiving,1715705351,0.075000,,,,true,,GET,https://test.k6.io/,HTTP/1.1,default,,200,,tls1.3,https://test.k6.io/,
http_req_failed,1715705351,0.000000,,,,true,,GET,https://test.k6.io/,HTTP/1.1,default,,200,,tls1.3,https://test.k6.io/,
http_reqs,1715705351,1.000000,,,,true,,GET,https://test.k6.io/,HTTP/1.1,default,,200,,tls1.3,https://test.k6.io/,
http_req_duration,1715705351,691.679000,,,,true,,GET,https://test.k6.io/,HTTP/1.1,default,,200,,tls1.3,https://test.k6.io/,
http_req_blocked,1715705351,0.032000,,,,true,,GET,https://test.k6.io/,HTTP/1.1,default,,200,,tls1.3,https://test.k6.io/,
http_req_connecting,1715705351,0.000000,,,,true,,GET,https://test.k6.io/,HTTP/1.1,default,,200,,tls1.3,https://test.k6.io/,
http_req_tls_handshaking,1715705351,0.000000,,,,true,,GET,https://test.k6.io/,HTTP/1.1,default,,200,,tls1.3,https://test.k6.io/,
http_req_sending,1715705351,0.029000,,,,true,,GET,https://test.k6.io/,HTTP/1.1,default,,200,,tls1.3,https://test.k6.io/,
http_req_waiting,1715705351,383.655000,,,,true,,GET,https://test.k6.io/,HTTP/1.1,default,,200,,tls1.3,https://test.k6.io/,
http_req_receiving,1715705351,307.995000,,,,true,,GET,https://test.k6.io/,HTTP/1.1,default,,200,,tls1.3,https://test.k6.io/,
http_req_failed,1715705351,0.000000,,,,true,,GET,https://test.k6.io/,HTTP/1.1,default,,200,,tls1.3,https://test.k6.io/,
data_sent,1715705351,202.000000,,,,,,,,,default,,,,,,
data_received,1715705351,11839.000000,,,,,,,,,default,,,,,,
iteration_duration,1715705351,1668.075798,,,,,,,,,default,,,,,,
iterations,1715705351,1.000000,,,,,,,,,default,,,,,,
data_sent,1715705351,202.000000,,,,,,,,,default,,,,,,
data_received,1715705351,11839.000000,,,,,,,,,default,,,,,,
iteration_duration,1715705351,1668.017330,,,,,,,,,default,,,,,,
iterations,1715705351,1.000000,,,,,,,,,default,,,,,,
data_sent,1715705351,202.000000,,,,,,,,,default,,,,,,
data_received,1715705351,11839.000000,,,,,,,,,default,,,,,,
iteration_duration,1715705351,1668.460824,,,,,,,,,default,,,,,,
iterations,1715705351,1.000000,,,,,,,,,default,,,,,,
vus,1715705352,5.000000,,,,,,,,,,,,,,,
vus_max,1715705352,5.000000,,,,,,,,,,,,,,,
http_reqs,1715705352,1.000000,,,,true,,GET,http://test.k6.io,HTTP/1.1,default,,308,,,http://test.k6.io,
http_req_duration,1715705352,297.945000,,,,true,,GET,http://test.k6.io,HTTP/1.1,default,,308,,,http://test.k6.io,
http_req_blocked,1715705352,0.004000,,,,true,,GET,http://test.k6.io,HTTP/1.1,default,,308,,,http://test.k6.io,
http_req_connecting,1715705352,0.000000,,,,true,,GET,http://test.k6.io,HTTP/1.1,default,,308,,,http://test.k6.io,
http_req_tls_handshaking,1715705352,0.000000,,,,true,,GET,http://test.k6.io,HTTP/1.1,default,,308,,,http://test.k6.io,
http_req_sending,1715705352,0.017000,,,,true,,GET,http://test.k6.io,HTTP/1.1,default,,308,,,http://test.k6.io,
http_req_waiting,1715705352,297.836000,,,,true,,GET,http://test.k6.io,HTTP/1.1,default,,308,,,http://test.k6.io,
http_req_receiving,1715705352,0.092000,,,,true,,GET,http://test.k6.io,HTTP/1.1,default,,308,,,http://test.k6.io,
http_req_failed,1715705352,0.000000,,,,true,,GET,http://test.k6.io,HTTP/1.1,default,,308,,,http://test.k6.io,
http_reqs,1715705352,1.000000,,,,true,,GET,http://test.k6.io,HTTP/1.1,default,,308,,,http://test.k6.io,
http_req_duration,1715705352,300.221000,,,,true,,GET,http://test.k6.io,HTTP/1.1,default,,308,,,http://test.k6.io,
http_req_blocked,1715705352,0.004000,,,,true,,GET,http://test.k6.io,HTTP/1.1,default,,308,,,http://test.k6.io,
http_req_connecting,1715705352,0.000000,,,,true,,GET,http://test.k6.io,HTTP/1.1,default,,308,,,http://test.k6.io,
http_req_tls_handshaking,1715705352,0.000000,,,,true,,GET,http://test.k6.io,HTTP/1.1,default,,308,,,http://test.k6.io,
http_req_sending,1715705352,0.012000,,,,true,,GET,http://test.k6.io,HTTP/1.1,default,,308,,,http://test.k6.io,
http_req_waiting,1715705352,300.128000,,,,true,,GET,http://test.k6.io,HTTP/1.1,default,,308,,,http://test.k6.io,
http_req_receiving,1715705352,0.081000,,,,true,,GET,http://test.k6.io,HTTP/1.1,default,,308,,,http://test.k6.io,
http_req_failed,1715705352,0.000000,,,,true,,GET,http://test.k6.io,HTTP/1.1,default,,308,,,http://test.k6.io,
http_reqs,1715705352,1.000000,,,,true,,GET,http://test.k6.io,HTTP/1.1,default,,308,,,http://test.k6.io,
http_req_duration,1715705352,303.225000,,,,true,,GET,http://test.k6.io,HTTP/1.1,default,,308,,,http://test.k6.io,
http_req_blocked,1715705352,0.003000,,,,true,,GET,http://test.k6.io,HTTP/1.1,default,,308,,,http://test.k6.io,
http_req_connecting,1715705352,0.000000,,,,true,,GET,http://test.k6.io,HTTP/1.1,default,,308,,,http://test.k6.io,
http_req_tls_handshaking,1715705352,0.000000,,,,true,,GET,http://test.k6.io,HTTP/1.1,default,,308,,,http://test.k6.io,
http_req_sending,1715705352,0.013000,,,,true,,GET,http://test.k6.io,HTTP/1.1,default,,308,,,http://test.k6.io,
http_req_waiting,1715705352,303.113000,,,,true,,GET,http://test.k6.io,HTTP/1.1,default,,308,,,http://test.k6.io,
http_req_receiving,1715705352,0.099000,,,,true,,GET,http://test.k6.io,HTTP/1.1,default,,308,,,http://test.k6.io,
http_req_failed,1715705352,0.000000,,,,true,,GET,http://test.k6.io,HTTP/1.1,default,,308,,,http://test.k6.io,
data_sent,1715705352,202.000000,,,,,,,,,default,,,,,,
data_received,1715705352,11839.000000,,,,,,,,,default,,,,,,
iteration_duration,1715705352,1693.846767,,,,,,,,,default,,,,,,
iterations,1715705352,1.000000,,,,,,,,,default,,,,,,
data_sent,1715705352,202.000000,,,,,,,,,default,,,,,,
data_received,1715705352,11861.000000,,,,,,,,,default,,,,,,
iteration_duration,1715705352,1975.985713,,,,,,,,,default,,,,,,
iterations,1715705352,1.000000,,,,,,,,,default,,,,,,
http_reqs,1715705352,1.000000,,,,true,,GET,http://test.k6.io,HTTP/1.1,default,,308,,,http://test.k6.io,
http_req_duration,1715705352,330.459000,,,,true,,GET,http://test.k6.io,HTTP/1.1,default,,308,,,http://test.k6.io,
http_req_blocked,1715705352,0.006000,,,,true,,GET,http://test.k6.io,HTTP/1.1,default,,308,,,http://test.k6.io,
http_req_connecting,1715705352,0.000000,,,,true,,GET,http://test.k6.io,HTTP/1.1,default,,308,,,http://test.k6.io,
http_req_tls_handshaking,1715705352,0.000000,,,,true,,GET,http://test.k6.io,HTTP/1.1,default,,308,,,http://test.k6.io,
http_req_sending,1715705352,0.027000,,,,true,,GET,http://test.k6.io,HTTP/1.1,default,,308,,,http://test.k6.io,
http_req_waiting,1715705352,330.348000,,,,true,,GET,http://test.k6.io,HTTP/1.1,default,,308,,,http://test.k6.io,
http_req_receiving,1715705352,0.084000,,,,true,,GET,http://test.k6.io,HTTP/1.1,default,,308,,,http://test.k6.io,
http_req_failed,1715705352,0.000000,,,,true,,GET,http://test.k6.io,HTTP/1.1,default,,308,,,http://test.k6.io,
http_reqs,1715705352,1.000000,,,,true,,GET,http://test.k6.io,HTTP/1.1,default,,308,,,http://test.k6.io,
http_req_duration,1715705352,330.115000,,,,true,,GET,http://test.k6.io,HTTP/1.1,default,,308,,,http://test.k6.io,
http_req_blocked,1715705352,0.005000,,,,true,,GET,http://test.k6.io,HTTP/1.1,default,,308,,,http://test.k6.io,
http_req_connecting,1715705352,0.000000,,,,true,,GET,http://test.k6.io,HTTP/1.1,default,,308,,,http://test.k6.io,
http_req_tls_handshaking,1715705352,0.000000,,,,true,,GET,http://test.k6.io,HTTP/1.1,default,,308,,,http://test.k6.io,
http_req_sending,1715705352,0.027000,,,,true,,GET,http://test.k6.io,HTTP/1.1,default,,308,,,http://test.k6.io,
http_req_waiting,1715705352,329.980000,,,,true,,GET,http://test.k6.io,HTTP/1.1,default,,308,,,http://test.k6.io,
http_req_receiving,1715705352,0.108000,,,,true,,GET,http://test.k6.io,HTTP/1.1,default,,308,,,http://test.k6.io,
http_req_failed,1715705352,0.000000,,,,true,,GET,http://test.k6.io,HTTP/1.1,default,,308,,,http://test.k6.io,
http_reqs,1715705352,1.000000,,,,true,,GET,https://test.k6.io/,HTTP/1.1,default,,200,,tls1.3,https://test.k6.io/,
http_req_duration,1715705352,340.036000,,,,true,,GET,https://test.k6.io/,HTTP/1.1,default,,200,,tls1.3,https://test.k6.io/,
http_req_blocked,1715705352,0.006000,,,,true,,GET,https://test.k6.io/,HTTP/1.1,default,,200,,tls1.3,https://test.k6.io/,
http_req_connecting,1715705352,0.000000,,,,true,,GET,https://test.k6.io/,HTTP/1.1,default,,200,,tls1.3,https://test.k6.io/,
http_req_tls_handshaking,1715705352,0.000000,,,,true,,GET,https://test.k6.io/,HTTP/1.1,default,,200,,tls1.3,https://test.k6.io/,
http_req_sending,1715705352,0.025000,,,,true,,GET,https://test.k6.io/,HTTP/1.1,default,,200,,tls1.3,https://test.k6.io/,
http_req_waiting,1715705352,339.942000,,,,true,,GET,https://test.k6.io/,HTTP/1.1,default,,200,,tls1.3,https://test.k6.io/,
http_req_receiving,1715705352,0.069000,,,,true,,GET,https://test.k6.io/,HTTP/1.1,default,,200,,tls1.3,https://test.k6.io/,
http_req_failed,1715705352,0.000000,,,,true,,GET,https://test.k6.io/,HTTP/1.1,default,,200,,tls1.3,https://test.k6.io/,
http_reqs,1715705352,1.000000,,,,true,,GET,https://test.k6.io/,HTTP/1.1,default,,200,,tls1.3,https://test.k6.io/,
http_req_duration,1715705352,335.427000,,,,true,,GET,https://test.k6.io/,HTTP/1.1,default,,200,,tls1.3,https://test.k6.io/,
http_req_blocked,1715705352,0.009000,,,,true,,GET,https://test.k6.io/,HTTP/1.1,default,,200,,tls1.3,https://test.k6.io/,
http_req_connecting,1715705352,0.000000,,,,true,,GET,https://test.k6.io/,HTTP/1.1,default,,200,,tls1.3,https://test.k6.io/,
http_req_tls_handshaking,1715705352,0.000000,,,,true,,GET,https://test.k6.io/,HTTP/1.1,default,,200,,tls1.3,https://test.k6.io/,
http_req_sending,1715705352,0.030000,,,,true,,GET,https://test.k6.io/,HTTP/1.1,default,,200,,tls1.3,https://test.k6.io/,
http_req_waiting,1715705352,335.298000,,,,true,,GET,https://test.k6.io/,HTTP/1.1,default,,200,,tls1.3,https://test.k6.io/,
http_req_receiving,1715705352,0.099000,,,,true,,GET,https://test.k6.io/,HTTP/1.1,default,,200,,tls1.3,https://test.k6.io/,
http_req_failed,1715705352,0.000000,,,,true,,GET,https://test.k6.io/,HTTP/1.1,default,,200,,tls1.3,https://test.k6.io/,
http_reqs,1715705352,1.000000,,,,true,,GET,https://test.k6.io/,HTTP/1.1,default,,200,,tls1.3,https://test.k6.io/,
http_req_duration,1715705352,644.487000,,,,true,,GET,https://test.k6.io/,HTTP/1.1,default,,200,,tls1.3,https://test.k6.io/,
http_req_blocked,1715705352,0.006000,,,,true,,GET,https://test.k6.io/,HTTP/1.1,default,,200,,tls1.3,https://test.k6.io/,
http_req_connecting,1715705352,0.000000,,,,true,,GET,https://test.k6.io/,HTTP/1.1,default,,200,,tls1.3,https://test.k6.io/,
http_req_tls_handshaking,1715705352,0.000000,,,,true,,GET,https://test.k6.io/,HTTP/1.1,default,,200,,tls1.3,https://test.k6.io/,
http_req_sending,1715705352,0.027000,,,,true,,GET,https://test.k6.io/,HTTP/1.1,default,,200,,tls1.3,https://test.k6.io/,
http_req_waiting,1715705352,337.524000,,,,true,,GET,https://test.k6.io/,HTTP/1.1,default,,200,,tls1.3,https://test.k6.io/,
http_req_receiving,1715705352,306.936000,,,,true,,GET,https://test.k6.io/,HTTP/1.1,default,,200,,tls1.3,https://test.k6.io/,
http_req_failed,1715705352,0.000000,,,,true,,GET,https://test.k6.io/,HTTP/1.1,default,,200,,tls1.3,https://test.k6.io/,
http_reqs,1715705352,1.000000,,,,true,,GET,https://test.k6.io/,HTTP/1.1,default,,200,,tls1.3,https://test.k6.io/,
http_req_duration,1715705352,306.820000,,,,true,,GET,https://test.k6.io/,HTTP/1.1,default,,200,,tls1.3,https://test.k6.io/,
http_req_blocked,1715705352,0.007000,,,,true,,GET,https://test.k6.io/,HTTP/1.1,default,,200,,tls1.3,https://test.k6.io/,
http_req_connecting,1715705352,0.000000,,,,true,,GET,https://test.k6.io/,HTTP/1.1,default,,200,,tls1.3,https://test.k6.io/,
http_req_tls_handshaking,1715705352,0.000000,,,,true,,GET,https://test.k6.io/,HTTP/1.1,default,,200,,tls1.3,https://test.k6.io/,
http_req_sending,1715705352,0.039000,,,,true,,GET,https://test.k6.io/,HTTP/1.1,default,,200,,tls1.3,https://test.k6.io/,
http_req_waiting,1715705352,306.730000,,,,true,,GET,https://test.k6.io/,HTTP/1.1,default,,200,,tls1.3,https://test.k6.io/,
http_req_receiving,1715705352,0.051000,,,,true,,GET,https://test.k6.io/,HTTP/1.1,default,,200,,tls1.3,https://test.k6.io/,
http_req_failed,1715705352,0.000000,,,,true,,GET,https://test.k6.io/,HTTP/1.1,default,,200,,tls1.3,https://test.k6.io/,
http_reqs,1715705352,1.000000,,,,true,,GET,https://test.k6.io/,HTTP/1.1,default,,200,,tls1.3,https://test.k6.io/,
http_req_duration,1715705352,313.328000,,,,true,,GET,https://test.k6.io/,HTTP/1.1,default,,200,,tls1.3,https://test.k6.io/,
http_req_blocked,1715705352,0.007000,,,,true,,GET,https://test.k6.io/,HTTP/1.1,default,,200,,tls1.3,https://test.k6.io/,
http_req_connecting,1715705352,0.000000,,,,true,,GET,https://test.k6.io/,HTTP/1.1,default,,200,,tls1.3,https://test.k6.io/,
http_req_tls_handshaking,1715705352,0.000000,,,,true,,GET,https://test.k6.io/,HTTP/1.1,default,,200,,tls1.3,https://test.k6.io/,
http_req_sending,1715705352,0.026000,,,,true,,GET,https://test.k6.io/,HTTP/1.1,default,,200,,tls1.3,https://test.k6.io/,
http_req_waiting,1715705352,313.237000,,,,true,,GET,https://test.k6.io/,HTTP/1.1,default,,200,,tls1.3,https://test.k6.io/,
http_req_receiving,1715705352,0.065000,,,,true,,GET,https://test.k6.io/,HTTP/1.1,default,,200,,tls1.3,https://test.k6.io/,
http_req_failed,1715705352,0.000000,,,,true,,GET,https://test.k6.io/,HTTP/1.1,default,,200,,tls1.3,https://test.k6.io/,
vus,1715705353,5.000000,,,,,,,,,,,,,,,
vus_max,1715705353,5.000000,,,,,,,,,,,,,,,
data_sent,1715705353,202.000000,,,,,,,,,default,,,,,,
data_received,1715705353,11839.000000,,,,,,,,,default,,,,,,
iteration_duration,1715705353,1638.354520,,,,,,,,,default,,,,,,
iterations,1715705353,1.000000,,,,,,,,,default,,,,,,
data_sent,1715705353,202.000000,,,,,,,,,default,,,,,,
data_received,1715705353,11839.000000,,,,,,,,,default,,,,,,
iteration_duration,1715705353,1639.038318,,,,,,,,,default,,,,,,
iterations,1715705353,1.000000,,,,,,,,,default,,,,,,
data_sent,1715705353,202.000000,,,,,,,,,default,,,,,,
data_received,1715705353,11861.000000,,,,,,,,,default,,,,,,
iteration_duration,1715705353,1945.815096,,,,,,,,,default,,,,,,
iterations,1715705353,1.000000,,,,,,,,,default,,,,,,
data_sent,1715705353,202.000000,,,,,,,,,default,,,,,,
data_received,1715705353,11839.000000,,,,,,,,,default,,,,,,
iteration_duration,1715705353,1638.472644,,,,,,,,,default,,,,,,
iterations,1715705353,1.000000,,,,,,,,,default,,,,,,
http_reqs,1715705353,1.000000,,,,true,,GET,http://test.k6.io,HTTP/1.1,default,,308,,,http://test.k6.io,
http_req_duration,1715705353,309.903000,,,,true,,GET,http://test.k6.io,HTTP/1.1,default,,308,,,http://test.k6.io,
http_req_blocked,1715705353,0.005000,,,,true,,GET,http://test.k6.io,HTTP/1.1,default,,308,,,http://test.k6.io,
http_req_connecting,1715705353,0.000000,,,,true,,GET,http://test.k6.io,HTTP/1.1,default,,308,,,http://test.k6.io,
http_req_tls_handshaking,1715705353,0.000000,,,,true,,GET,http://test.k6.io,HTTP/1.1,default,,308,,,http://test.k6.io,
http_req_sending,1715705353,0.017000,,,,true,,GET,http://test.k6.io,HTTP/1.1,default,,308,,,http://test.k6.io,
http_req_waiting,1715705353,309.802000,,,,true,,GET,http://test.k6.io,HTTP/1.1,default,,308,,,http://test.k6.io,
http_req_receiving,1715705353,0.084000,,,,true,,GET,http://test.k6.io,HTTP/1.1,default,,308,,,http://test.k6.io,
http_req_failed,1715705353,0.000000,,,,true,,GET,http://test.k6.io,HTTP/1.1,default,,308,,,http://test.k6.io,
http_reqs,1715705353,1.000000,,,,true,,GET,http://test.k6.io,HTTP/1.1,default,,308,,,http://test.k6.io,
http_req_duration,1715705353,308.480000,,,,true,,GET,http://test.k6.io,HTTP/1.1,default,,308,,,http://test.k6.io,
http_req_blocked,1715705353,0.003000,,,,true,,GET,http://test.k6.io,HTTP/1.1,default,,308,,,http://test.k6.io,
http_req_connecting,1715705353,0.000000,,,,true,,GET,http://test.k6.io,HTTP/1.1,default,,308,,,http://test.k6.io,
http_req_tls_handshaking,1715705353,0.000000,,,,true,,GET,http://test.k6.io,HTTP/1.1,default,,308,,,http://test.k6.io,
http_req_sending,1715705353,0.013000,,,,true,,GET,http://test.k6.io,HTTP/1.1,default,,308,,,http://test.k6.io,
http_req_waiting,1715705353,308.387000,,,,true,,GET,http://test.k6.io,HTTP/1.1,default,,308,,,http://test.k6.io,
http_req_receiving,1715705353,0.080000,,,,true,,GET,http://test.k6.io,HTTP/1.1,default,,308,,,http://test.k6.io,
http_req_failed,1715705353,0.000000,,,,true,,GET,http://test.k6.io,HTTP/1.1,default,,308,,,http://test.k6.io,
data_sent,1715705353,202.000000,,,,,,,,,default,,,,,,
data_received,1715705353,11839.000000,,,,,,,,,default,,,,,,
iteration_duration,1715705353,1644.044067,,,,,,,,,default,,,,,,
iterations,1715705353,1.000000,,,,,,,,,default,,,,,,
vus,1715705354,5.000000,,,,,,,,,,,,,,,
vus_max,1715705354,5.000000,,,,,,,,,,,,,,,
http_reqs,1715705354,1.000000,,,,true,,GET,http://test.k6.io,HTTP/1.1,default,,308,,,http://test.k6.io,
http_req_duration,1715705354,329.835000,,,,true,,GET,http://test.k6.io,HTTP/1.1,default,,308,,,http://test.k6.io,
http_req_blocked,1715705354,0.006000,,,,true,,GET,http://test.k6.io,HTTP/1.1,default,,308,,,http://test.k6.io,
http_req_connecting,1715705354,0.000000,,,,true,,GET,http://test.k6.io,HTTP/1.1,default,,308,,,http://test.k6.io,
http_req_tls_handshaking,1715705354,0.000000,,,,true,,GET,http://test.k6.io,HTTP/1.1,default,,308,,,http://test.k6.io,
http_req_sending,1715705354,0.028000,,,,true,,GET,http://test.k6.io,HTTP/1.1,default,,308,,,http://test.k6.io,
http_req_waiting,1715705354,329.746000,,,,true,,GET,http://test.k6.io,HTTP/1.1,default,,308,,,http://test.k6.io,
http_req_receiving,1715705354,0.061000,,,,true,,GET,http://test.k6.io,HTTP/1.1,default,,308,,,http://test.k6.io,
http_req_failed,1715705354,0.000000,,,,true,,GET,http://test.k6.io,HTTP/1.1,default,,308,,,http://test.k6.io,
http_reqs,1715705354,1.000000,,,,true,,GET,http://test.k6.io,HTTP/1.1,default,,308,,,http://test.k6.io,
http_req_duration,1715705354,329.811000,,,,true,,GET,http://test.k6.io,HTTP/1.1,default,,308,,,http://test.k6.io,
http_req_blocked,1715705354,0.006000,,,,true,,GET,http://test.k6.io,HTTP/1.1,default,,308,,,http://test.k6.io,
http_req_connecting,1715705354,0.000000,,,,true,,GET,http://test.k6.io,HTTP/1.1,default,,308,,,http://test.k6.io,
http_req_tls_handshaking,1715705354,0.000000,,,,true,,GET,http://test.k6.io,HTTP/1.1,default,,308,,,http://test.k6.io,
http_req_sending,1715705354,0.033000,,,,true,,GET,http://test.k6.io,HTTP/1.1,default,,308,,,http://test.k6.io,
http_req_waiting,1715705354,329.650000,,,,true,,GET,http://test.k6.io,HTTP/1.1,default,,308,,,http://test.k6.io,
http_req_receiving,1715705354,0.128000,,,,true,,GET,http://test.k6.io,HTTP/1.1,default,,308,,,http://test.k6.io,
http_req_failed,1715705354,0.000000,,,,true,,GET,http://test.k6.io,HTTP/1.1,default,,308,,,http://test.k6.io,
http_reqs,1715705354,1.000000,,,,true,,GET,http://test.k6.io,HTTP/1.1,default,,308,,,http://test.k6.io,
http_req_duration,1715705354,323.926000,,,,true,,GET,http://test.k6.io,HTTP/1.1,default,,308,,,http://test.k6.io,
http_req_blocked,1715705354,0.006000,,,,true,,GET,http://test.k6.io,HTTP/1.1,default,,308,,,http://test.k6.io,
http_req_connecting,1715705354,0.000000,,,,true,,GET,http://test.k6.io,HTTP/1.1,default,,308,,,http://test.k6.io,
http_req_tls_handshaking,1715705354,0.000000,,,,true,,GET,http://test.k6.io,HTTP/1.1,default,,308,,,http://test.k6.io,
http_req_sending,1715705354,0.023000,,,,true,,GET,http://test.k6.io,HTTP/1.1,default,,308,,,http://test.k6.io,
http_req_waiting,1715705354,323.741000,,,,true,,GET,http://test.k6.io,HTTP/1.1,default,,308,,,http://test.k6.io,
http_req_receiving,1715705354,0.162000,,,,true,,GET,http://test.k6.io,HTTP/1.1,default,,308,,,http://test.k6.io,
http_req_failed,1715705354,0.000000,,,,true,,GET,http://test.k6.io,HTTP/1.1,default,,308,,,http://test.k6.io,
http_reqs,1715705354,1.000000,,,,true,,GET,https://test.k6.io/,HTTP/1.1,default,,200,,tls1.3,https://test.k6.io/,
http_req_duration,1715705354,327.772000,,,,true,,GET,https://test.k6.io/,HTTP/1.1,default,,200,,tls1.3,https://test.k6.io/,
http_req_blocked,1715705354,0.014000,,,,true,,GET,https://test.k6.io/,HTTP/1.1,default,,200,,tls1.3,https://test.k6.io/,
http_req_connecting,1715705354,0.000000,,,,true,,GET,https://test.k6.io/,HTTP/1.1,default,,200,,tls1.3,https://test.k6.io/,
http_req_tls_handshaking,1715705354,0.000000,,,,true,,GET,https://test.k6.io/,HTTP/1.1,default,,200,,tls1.3,https://test.k6.io/,
http_req_sending,1715705354,0.018000,,,,true,,GET,https://test.k6.io/,HTTP/1.1,default,,200,,tls1.3,https://test.k6.io/,
http_req_waiting,1715705354,327.664000,,,,true,,GET,https://test.k6.io/,HTTP/1.1,default,,200,,tls1.3,https://test.k6.io/,
http_req_receiving,1715705354,0.090000,,,,true,,GET,https://test.k6.io/,HTTP/1.1,default,,200,,tls1.3,https://test.k6.io/,
http_req_failed,1715705354,0.000000,,,,true,,GET,https://test.k6.io/,HTTP/1.1,default,,200,,tls1.3,https://test.k6.io/,
http_reqs,1715705354,1.000000,,,,true,,GET,https://test.k6.io/,HTTP/1.1,default,,200,,tls1.3,https://test.k6.io/,
http_req_duration,1715705354,284.263000,,,,true,,GET,https://test.k6.io/,HTTP/1.1,default,,200,,tls1.3,https://test.k6.io/,
http_req_blocked,1715705354,0.008000,,,,true,,GET,https://test.k6.io/,HTTP/1.1,default,,200,,tls1.3,https://test.k6.io/,
http_req_connecting,1715705354,0.000000,,,,true,,GET,https://test.k6.io/,HTTP/1.1,default,,200,,tls1.3,https://test.k6.io/,
http_req_tls_handshaking,1715705354,0.000000,,,,true,,GET,https://test.k6.io/,HTTP/1.1,default,,200,,tls1.3,https://test.k6.io/,
http_req_sending,1715705354,0.027000,,,,true,,GET,https://test.k6.io/,HTTP/1.1,default,,200,,tls1.3,https://test.k6.io/,
http_req_waiting,1715705354,284.157000,,,,true,,GET,https://test.k6.io/,HTTP/1.1,default,,200,,tls1.3,https://test.k6.io/,
http_req_receiving,1715705354,0.079000,,,,true,,GET,https://test.k6.io/,HTTP/1.1,default,,200,,tls1.3,https://test.k6.io/,
http_req_failed,1715705354,0.000000,,,,true,,GET,https://test.k6.io/,HTTP/1.1,default,,200,,tls1.3,https://test.k6.io/,
http_reqs,1715705354,1.000000,,,,true,,GET,https://test.k6.io/,HTTP/1.1,default,,200,,tls1.3,https://test.k6.io/,
http_req_duration,1715705354,285.585000,,,,true,,GET,https://test.k6.io/,HTTP/1.1,default,,200,,tls1.3,https://test.k6.io/,
http_req_blocked,1715705354,0.007000,,,,true,,GET,https://test.k6.io/,HTTP/1.1,default,,200,,tls1.3,https://test.k6.io/,
http_req_connecting,1715705354,0.000000,,,,true,,GET,https://test.k6.io/,HTTP/1.1,default,,200,,tls1.3,https://test.k6.io/,
http_req_tls_handshaking,1715705354,0.000000,,,,true,,GET,https://test.k6.io/,HTTP/1.1,default,,200,,tls1.3,https://test.k6.io/,
http_req_sending,1715705354,0.028000,,,,true,,GET,https://test.k6.io/,HTTP/1.1,default,,200,,tls1.3,https://test.k6.io/,
http_req_waiting,1715705354,285.500000,,,,true,,GET,https://test.k6.io/,HTTP/1.1,default,,200,,tls1.3,https://test.k6.io/,
http_req_receiving,1715705354,0.057000,,,,true,,GET,https://test.k6.io/,HTTP/1.1,default,,200,,tls1.3,https://test.k6.io/,
http_req_failed,1715705354,0.000000,,,,true,,GET,https://test.k6.io/,HTTP/1.1,default,,200,,tls1.3,https://test.k6.io/,
http_reqs,1715705354,1.000000,,,,true,,GET,https://test.k6.io/,HTTP/1.1,default,,200,,tls1.3,https://test.k6.io/,
http_req_duration,1715705354,629.488000,,,,true,,GET,https://test.k6.io/,HTTP/1.1,default,,200,,tls1.3,https://test.k6.io/,
http_req_blocked,1715705354,0.005000,,,,true,,GET,https://test.k6.io/,HTTP/1.1,default,,200,,tls1.3,https://test.k6.io/,
http_req_connecting,1715705354,0.000000,,,,true,,GET,https://test.k6.io/,HTTP/1.1,default,,200,,tls1.3,https://test.k6.io/,
http_req_tls_handshaking,1715705354,0.000000,,,,true,,GET,https://test.k6.io/,HTTP/1.1,default,,200,,tls1.3,https://test.k6.io/,
http_req_sending,1715705354,0.023000,,,,true,,GET,https://test.k6.io/,HTTP/1.1,default,,200,,tls1.3,https://test.k6.io/,
http_req_waiting,1715705354,327.376000,,,,true,,GET,https://test.k6.io/,HTTP/1.1,default,,200,,tls1.3,https://test.k6.io/,
http_req_receiving,1715705354,302.089000,,,,true,,GET,https://test.k6.io/,HTTP/1.1,default,,200,,tls1.3,https://test.k6.io/,
http_req_failed,1715705354,0.000000,,,,true,,GET,https://test.k6.io/,HTTP/1.1,default,,200,,tls1.3,https://test.k6.io/,
http_reqs,1715705354,1.000000,,,,true,,GET,https://test.k6.io/,HTTP/1.1,default,,200,,tls1.3,https://test.k6.io/,
http_req_duration,1715705354,616.229000,,,,true,,GET,https://test.k6.io/,HTTP/1.1,default,,200,,tls1.3,https://test.k6.io/,
http_req_blocked,1715705354,0.006000,,,,true,,GET,https://test.k6.io/,HTTP/1.1,default,,200,,tls1.3,https://test.k6.io/,
http_req_connecting,1715705354,0.000000,,,,true,,GET,https://test.k6.io/,HTTP/1.1,default,,200,,tls1.3,https://test.k6.io/,
http_req_tls_handshaking,1715705354,0.000000,,,,true,,GET,https://test.k6.io/,HTTP/1.1,default,,200,,tls1.3,https://test.k6.io/,
http_req_sending,1715705354,0.041000,,,,true,,GET,https://test.k6.io/,HTTP/1.1,default,,200,,tls1.3,https://test.k6.io/,
http_req_waiting,1715705354,310.442000,,,,true,,GET,https://test.k6.io/,HTTP/1.1,default,,200,,tls1.3,https://test.k6.io/,
http_req_receiving,1715705354,305.746000,,,,true,,GET,https://test.k6.io/,HTTP/1.1,default,,200,,tls1.3,https://test.k6.io/,
http_req_failed,1715705354,0.000000,,,,true,,GET,https://test.k6.io/,HTTP/1.1,default,,200,,tls1.3,https://test.k6.io/,
vus,1715705355,5.000000,,,,,,,,,,,,,,,
vus_max,1715705355,5.000000,,,,,,,,,,,,,,,
data_sent,1715705355,202.000000,,,,,,,,,default,,,,,,
data_received,1715705355,11839.000000,,,,,,,,,default,,,,,,
iteration_duration,1715705355,1639.054501,,,,,,,,,default,,,,,,
iterations,1715705355,1.000000,,,,,,,,,default,,,,,,
data_sent,1715705355,202.000000,,,,,,,,,default,,,,,,
data_received,1715705355,11861.000000,,,,,,,,,default,,,,,,
iteration_duration,1715705355,1614.529305,,,,,,,,,default,,,,,,
iterations,1715705355,1.000000,,,,,,,,,default,,,,,,
data_sent,1715705355,202.000000,,,,,,,,,default,,,,,,
data_received,1715705355,11839.000000,,,,,,,,,default,,,,,,
iteration_duration,1715705355,1615.832574,,,,,,,,,default,,,,,,
iterations,1715705355,1.000000,,,,,,,,,default,,,,,,
data_sent,1715705355,202.000000,,,,,,,,,default,,,,,,
data_received,1715705355,11883.000000,,,,,,,,,default,,,,,,
iteration_duration,1715705355,1938.359614,,,,,,,,,default,,,,,,
iterations,1715705355,1.000000,,,,,,,,,default,,,,,,
data_sent,1715705355,202.000000,,,,,,,,,default,,,,,,
data_received,1715705355,11861.000000,,,,,,,,,default,,,,,,
iteration_duration,1715705355,1941.201718,,,,,,,,,default,,,,,,
iterations,1715705355,1.000000,,,,,,,,,default,,,,,,
